mx,my,mz
-0.398777,0.887010,-0.230165
axis,min,max
x,-184.000000,108.000000
y,-64.000000,249.000000
z,-470.000000,0.000000
